{
  "app_name": "دؤوب",
  "login": "تسجيل الدخول",
  "register": "تسجيل",
  "email": "البريد الإلكتروني",
  "password": "كلمة المرور",
  "forgot_password": "نسيت كلمة المرور؟",
  "offline_mode": "وضع عدم الاتصال",
  "dont_have_account": "ليس لديك حساب؟ سجل الآن",
  "offline_mode_active": "وضع عدم الاتصال نشط. يمكنك تسجيل الدخول بأي بيانات اعتماد.",
  "smart_event_platform": "منصة إدارة الأحداث الذكية",
  "loading": "جاري التحميل...",
  "my_bookings": "حجوزاتي",
  "profile": "الملف الشخصي",
  "settings": "الإعدادات",
  "logout": "تسجيل الخروج",
  "categories": "الفئات",
  "vendors": "مزودي الخدمات",
  "event_date": "تاريخ المناسبة",
  "booking_date": "تاريخ الحجز",
  "status": "الحالة",
  "pending": "قيد الانتظار",
  "confirmed": "مؤكد",
  "cancelled": "ملغى",
  "completed": "مكتمل",
  "total_price": "السعر الإجمالي",
  "book_now": "احجز الآن",
  "package_type": "نوع الباقة",
  "basic": "أساسي",
  "standard": "قياسي",
  "premium": "متميز",
  "notes": "ملاحظات",
  "add_notes": "إضافة ملاحظات",
  "submit": "إرسال",
  "cancel": "إلغاء",
  "booking_success": "تم الحجز بنجاح!",
  "booking_error": "حدث خطأ أثناء الحجز"
}
